122301,This is a sample description 1,Limited,Fiction,Pride and Prejudice,Jane Austen
122302,This is a sample description 2,Public,Thriller,To Kill a Mockingbird,Harper Lee
122303,This is a sample description 3,Public,Thriller,The Da Vinci Code,Dan Brown
122304,This is a sample description 4,Public,Fiction,The Catcher in the Rye,J. D. Salinger
122305,This is a sample description 5,Limited,Fiction,The Great Gatsby,F. Scott Fitzgerald
122306,This is a sample description 6,Public,Fiction,Twilight,Stephenie Meyer
122307,This is a sample description 7,Limited,Fiction,The Hunger Games,Suzanne Collins
122308,This is a sample description 8,Public,Fiction,Jane Eyre,Charlotte BrontÃ
122309,This is a sample description 9,Public,Fiction,Animal Farm,George Orwell
122310,This is a sample description 10,Limited,Fiction,The Kite Runner,Khaled Hosseini
122311,This is a sample description 11,Public,Fiction,Brave New World,Aldous Huxley
122312,This is a sample description 12,Limited,Thriller,The Lord of the Rings,J. R. R. Tolkien
122313,This is a sample description 13,Public,Thriller,The Fellowship of the Ring,J. R. R. Tolkien
122314,This is a sample description 14,Public,Thriller,Fahrenheit 451,Ray Bradbury
122315,This is a sample description 15,Public,Thriller,Wuthering Heights,Emily Bronte
122316,This is a sample description 16,Public,Thriller,New Moon,Stephenie Meyer
122317,This is a sample description 17,Limited,Thriller,Angels & Demons,Dan Brown
122318,This is a sample description 18,Public,Fiction,The Odyssey,Homer
122319,This is a sample description 19,Public,Fiction,Lord of the Flies,William Golding
122320,This is a sample description 20,Public,Fiction,Life of Pi,Yann Martel
122321,This is a sample description 21,Limited,Fiction,My Magical book,Saravanan
122322,This is a sample description 22,Public,Fiction,Hadoop basics,Thomas Johnson
122323,This is a sample description 23,Public,Fiction,The Two Towers, J. R. R. Tolkien
122324,This is a sample description 24,Public,Fiction,Catching Fire, Suzanne Collins
122325,This is a sample description 25,Public,Fiction,Slaughterhouse-Five,Kurt Vonnegut
122326,This is a sample description 26,Public,Fiction,One Hundred Years of Solitude,Gabriel Garcia Marquez
122327,This is a sample description 27,Public,Fiction,Eclipse,Stephenie Meyer
122328,This is a sample description 28,Public,Fiction,The Girl with the Dragon Tattoo,Stieg Larsson
122329,This is a sample description 29,Limited,Fiction,The Return of The King,J. R. R. Tolkien
122330,This is a sample description 30,Public,Thriller,The Time Traveler's Wife,Audrey Niffenegger
122331,This is a sample description 31,Limited,Fiction,Crime and Punishment,Fyodor Dostoevsky
122332,This is a sample description 32,Public,Thriller,The Book Thief,Markus Zusak
122333,This is a sample description 33,Public,Fiction,Ender's Game,Orson Scott Card
122334,This is a sample description 34,Public,Fiction,Breaking Dawn,Stephenie Meyer
122335,This is a sample description 35,Public,Fiction,The Adventures of Huckleberry Finn,Mark Twain
122336,This is a sample description 36,Limited,Thriller,Catch-22,Joseph Heller
122337,This is a sample description 37,Public,Thriller,Mockingjay,Suzanne Collins
122338,This is a sample description 38,Public,Fiction,The Little Prince,Antoine de Saint-Exupéry
122339,This is a sample description 39,Limited,Fiction,A Game of Thrones,George R. R. Martin
122340,This is a sample description 40,Public,Fiction,Memoirs of a Geisha,Arthur Golden